"","when_began_current"
"1","1979"
"2","1979"
"3","1979"
"4","1979"
"5","1979"
"6","2011"
"7","1999"
"8","1999"
"9","1999"
"10","1999"
"11","2011"
"12","2011"
"13","2011"
"14","2011"
"15","2011"
"16","2016"
"17","2016"
"18","2016"
"19","2016"
"20","2000"
"21","2000"
"22","2000"
"23","2012"
"24","2012"
"25","1996"
"26","1996"
"27","1996"
"28","1996"
"29","1987"
"30","1987"
"31","1987"
"32","2016"
"33","2016"
"34","2016"
"35","2016"
"36","2016"
"37","2016"
"38","2016"
"39","2016"
"40","1989"
"41","1997"
"42","2003"
"43","2003"
"44","1986"
"45","2002"
"46","2002"
"47","2002"
"48","2023"
"49","2023"
"50","2003"
"51","2003"
"52","1989"
"53","1989"
"54","2009"
"55","2009"
"56","2009"
"57","2009"
"58","1997"
"59","1997"
"60","1989"
"61","1989"
"62","1989"
"63","1987"
"64","1987"
"65","1987"
"66","1987"
"67","2012"
"68","2012"
"69","2012"
"70","2012"
"71","1979"
"72","1979"
"73","1979"
"74","1979"
"75","1979"
"76","1979"
"77","1979"
"78","1979"
"79","1989"
"80","1989"
"81","1989"
"82","125"
"83","1989"
"84","1989"
"85","1989"
"86","1989"
"87","1989"
"88","1989"
"89","1989"
"90","2015"
"91","2015"
"92","2014"
"93","2014"
"94","2014"
"95","2014"
"96","2014"
"97","2012"
"98","1987"
"99","1987"
"100","1987"
"101","1991"
"102","1991"
"103","1991"
"104","1694"
"105","1694"
"106","2005"
"107","2005"
"108","2005"
"109","2012"
"110","2012"
"111","2012"
"112","2012"
"113","2011"
"114","2011"
"115","2011"
"116","2011"
"117","1989"
"118","1989"
"119","1989"
"120","2012"
"121","2012"
"122","2012"
"123","2012"
"124","2012"
"125","2017"
"126","2017"
"127","1987"
"128","1987"
"129","2016"
"130","2016"
"131","2016"
"132","2016"
"133","2016"
"134","2016"
"135","1974"
"136","1974"
"137","1993"
"138","1993"
"139","1993"
"140","1993"
"141","1984"
"142","2023"
"143","2023"
"144","2023"
"145","1962"
"146","1962"
"147","2015"
"148","2015"
"149","2015"
"150","2015"
"151","2015"
"152","2017"
"153","2017"
"154","2017"
"155","2005"
"156","2005"
"157","2005"
"158","2005"
"159","2005"
"160","2005"
"161","2005"
"162","2005"
"163","2009"
"164","2009"
"165","2009"
"166","2009"
"167","2009"
"168","2002"
"169","2002"
"170","2018"
"171","2018"
"172","2018"
"173","2018"
"174","2018"
"175","2002"
"176","2002"
"177","1977"
"178","1983"
"179","1977"
"180","1977"
"181","1977"
"182","2011"
"183","2011"
"184","2011"
"185","2011"
"186","2015"
"187","2015"
"188","2015"
"189","1992"
"190","1992"
"191","2013"
"192","2013"
"193","1995"
"194","2000"
"195","2000"
"196","2000"
"197","2000"
"198","2000"
"199","2006"
"200","2006"
"201","2006"
"202","2006"
"203","2000"
"204","2000"
"205","2000"
"206","1975"
"207","1994"
"208","2002"
"209","1971"
"210","1971"
"211","1971"
"212","1971"
"213","1991"
"214","1991"
"215","1991"
"216","1991"
"217","1989"
"218","1989"
"219","1989"
"220","1989"
"221","1989"
"222","1989"
"223","1989"
"224","2001"
"225","2001"
"226","2001"
"227","2013"
"228","2007"
"229","1986"
"230","1986"
"231","1986"
"232","1986"
"233","1986"
"234","2001"
"235","2001"
"236","2001"
"237","2023"
"238","2023"
"239","2023"
"240","2023"
"241","2023"
"242","1984"
"243","1984"
"244","1984"
"245","1984"
"246","1984"
"247","2022"
"248","2022"
"249","2022"
"250","2021"
"251","2017"
"252","2017"
"253","1995"
"254","2011"
"255","2011"
"256","2011"
"257","2011"
"258","2011"
"259","2011"
"260","1994"
"261","1994"
"262","2016"
"263","2016"
"264","1978"
"265","2011"
"266","2011"
"267","2011"
"268","1981"
"269","2017"
"270","2017"
"271","2017"
"272","2017"
"273","2017"
"274","2017"
"275","1981"
"276","2010"
"277","2010"
"278","2010"
"279","2010"
"280","2019"
"281","2019"
"282","2017"
"283","2017"
"284","2022"
"285","2022"
"286","2022"
"287","2022"
"288","2022"
"289","2019"
"290","2019"
"291","2019"
"292","2019"
"293","1977"
"294","1977"
"295","1977"
"296","1977"
"297","1977"
"298","1977"
"299","2019"
"300","2019"
"301","2019"
"302","2019"
"303","2005"
"304","2005"
"305","2005"
"306","1994"
"307","1983"
"308","1983"
"309","2005"
"310","2005"
"311","2005"
"312","2017"
"313","2017"
"314","2010"
"315","2010"
"316","2010"
"317","2010"
"318","2010"
"319","2010"
"320","2010"
"321","2010"
"322","2010"
"323","2010"
"324","2010"
"325","2010"
"326","2010"
"327","2010"
"328","1999"
"329","1999"
"330","1999"
"331","1999"
"332","15"
"333","15"
"334","15"
"335","0"
"336","0"
"337","0"
"338","2012"
"339","1986"
"340","1986"
"341","1986"
"342","2014"
"343","2017"
"344","2017"
"345","2017"
"346","2017"
"347","2017"
"348","2017"
"349","2017"
"350","2017"
"351","2017"
"352","2017"
"353","2017"
"354","2014"
"355","2019"
"356","2020"
"357","2020"
"358","2004"
"359","2004"
"360","2004"
"361","2004"
"362","1980"
"363","1980"
"364","1980"
"365","1984"
"366","1991"
"367","1991"
"368","1991"
"369","1991"
"370","1991"
"371","1991"
"372","2012"
"373","2012"
"374","2012"
"375","2012"
"376","2012"
"377","1999"
"378","1999"
"379","1999"
"380","1999"
"381","2012"
"382","2012"
"383","2012"
"384","2012"
"385","2012"
"386","1999"
"387","1999"
"388","1999"
"389","1999"
"390","1986"
"391","1986"
"392","1986"
"393","1986"
"394","1994"
"395","1994"
"396","1994"
"397","1994"
"398","1994"
"399","1994"
"400","1994"
"401","1994"
"402","1994"
"403","1994"
"404","1994"
"405","1994"
"406","1994"
"407","1994"
"408","1994"
"409","1994"
"410","1994"
"411","1994"
"412","1994"
"413","1994"
"414","1997"
"415","1993"
"416","2016"
"417","2016"
"418","2016"
"419","2016"
"420","2016"
"421","1982"
"422","1982"
"423","1982"
"424","1985"
"425","1985"
"426","2004"
"427","2004"
"428","2004"
"429","2004"
"430","2004"
"431","1996"
"432","1996"
"433","1996"
"434","1996"
"435","1996"
"436","1996"
"437","1999"
"438","1999"
"439","1999"
"440","1984"
"441","2000"
"442","2000"
"443","2000"
"444","2000"
"445","2000"
"446","1990"
"447","1990"
"448","1990"
"449","2017"
"450","2017"
"451","1974"
"452","1974"
"453","1974"
"454","1974"
"455","1974"
"456","1974"
"457","1974"
"458","1974"
"459","2013"
"460","2013"
"461","2013"
"462","2015"
"463","1996"
"464","1996"
"465","1996"
"466","1996"
"467","1996"
"468","2021"
"469","2021"
"470","2021"
"471","2021"
"472","2021"
"473","2021"
"474","2003"
"475","2012"
"476","2012"
"477","2012"
"478","2012"
"479","2006"
"480","2006"
"481","1988"
"482","2018"
"483","2018"
"484","2018"
"485","2014"
"486","2014"
"487","2014"
"488","2014"
"489","2014"
"490","2014"
"491","2010"
"492","2010"
"493","2010"
"494","1996"
"495","1996"
"496","1996"
"497","2018"
"498","2018"
"499","2018"
"500","2018"
"501","2018"
"502","2018"
"503","2018"
"504","2018"
"505","2018"
"506","2018"
"507","2018"
"508","2018"
"509","2018"
"510","2018"
"511","2014"
"512","2014"
"513","2014"
"514","2014"
"515","2012"
"516","2012"
"517","2012"
"518","2012"
"519","2012"
"520","2021"
"521","2021"
"522","2021"
"523","2021"
"524","2021"
"525","2021"
"526","2021"
"527","2008"
"528","2008"
"529","2003"
"530","2003"
"531","2003"
"532","2003"
"533","2003"
"534","2016"
"535","2016"
"536","0"
"537","0"
"538","0"
"539","0"
"540","2017"
"541","2017"
"542","2017"
"543","2017"
"544","2017"
"545","1999"
"546","1993"
"547","1993"
"548","1993"
"549","1993"
"550","2007"
"551","2015"
"552","2015"
"553","2015"
"554","2015"
"555","2015"
"556","2015"
"557","2015"
"558","2015"
"559","1985"
"560","1985"
"561","1985"
"562","1985"
"563","1985"
"564","1985"
"565","1985"
"566","1985"
"567","2001"
"568","1995"
"569","1995"
"570","1995"
"571","2020"
"572","2019"
"573","2019"
"574","2019"
"575","2019"
"576","2019"
"577","2019"
"578","2023"
"579","2011"
"580","2011"
"581","2011"
"582","2011"
"583","1989"
"584","1997"
"585","1997"
"586","1997"
"587","1997"
"588","1997"
"589","1997"
"590","2015"
"591","2010"
"592","2010"
"593","1980"
"594","1980"
"595","1980"
"596","1980"
"597","1995"
"598","1995"
"599","1969"
"600","1969"
"601","1969"
"602","1969"
"603","1969"
"604","1969"
"605","1986"
"606","1989"
"607","1989"
"608","1989"
"609","1997"
"610","1997"
"611","1999"
"612","1999"
"613","1999"
"614","2022"
"615","2022"
"616","2022"
"617","2022"
"618","2022"
"619","2022"
"620","2022"
"621","2022"
"622","2022"
"623","2022"
"624","2017"
"625","2017"
"626","2000"
"627","2000"
"628","2000"
"629","2000"
"630","2000"
"631","1980"
"632","1975"
"633","1975"
"634","1975"
"635","1975"
"636","1975"
"637","1995"
"638","1995"
"639","1995"
"640","1987"
"641","1987"
"642","1987"
"643","3"
"644","3"
"645","3"
"646","1994"
"647","1994"
"648","1994"
"649","2006"
"650","2006"
"651","2006"
"652","2011"
"653","2011"
"654","2011"
"655","2011"
"656","2016"
"657","2016"
"658","2016"
"659","2016"
"660","1996"
"661","1996"
"662","2022"
"663","2022"
"664","2022"
"665","2022"
"666","2000"
"667","2000"
"668","2016"
"669","2016"
"670","2001"
"671","1973"
"672","1989"
"673","1989"
"674","1989"
"675","2018"
"676","2018"
"677","2018"
"678","2018"
"679","2013"
"680","2013"
"681","2013"
"682","2013"
"683","2019"
"684","2019"
"685","2019"
"686","2019"
"687","2019"
"688","2019"
"689","2019"
"690","2019"
"691","2019"
"692","2019"
"693","2019"
"694","2019"
"695","2015"
"696","2015"
"697","2015"
"698","2015"
"699","2015"
"700","2018"
"701","2018"
"702","2018"
"703","2010"
"704","2010"
"705","2010"
"706","2004"
"707","2004"
"708","2004"
"709","2004"
"710","2004"
"711","1991"
"712","1991"
"713","1991"
"714","1991"
"715","2001"
"716","2001"
"717","2001"
"718","2008"
"719","2008"
"720","2008"
"721","2008"
"722","2008"
"723","2022"
"724","2022"
"725","2016"
"726","2016"
"727","2016"
"728","2016"
"729","2016"
"730","2016"
"731","2016"
"732","1976"
"733","1976"
"734","1976"
"735","1976"
"736","1976"
"737","1970"
"738","1970"
"739","1970"
"740","2003"
"741","2003"
"742","2003"
"743","2003"
"744","2003"
"745","1988"
"746","1988"
"747","1988"
"748","1988"
"749","1988"
"750","2019"
"751","2019"
"752","2019"
"753","1962"
"754","2004"
"755","2011"
"756","2011"
"757","2011"
"758","2013"
"759","2006"
"760","2006"
"761","1994"
"762","1994"
"763","2001"
"764","2001"
"765","2022"
"766","2022"
"767","1990"
"768","1990"
"769","1990"
"770","1992"
"771","1998"
"772","1998"
"773","2022"
"774","2022"
"775","2022"
"776","2023"
"777","2023"
"778","2012"
"779","2012"
"780","2012"
"781","2011"
"782","2007"
"783","1991"
"784","1991"
"785","1991"
"786","1991"
"787","1991"
"788","2002"
"789","2010"
"790","2010"
"791","2010"
"792","2010"
"793","2010"
"794","2010"
"795","2010"
"796","2012"
"797","2003"
"798","1990"
"799","2009"
"800","2009"
"801","2009"
"802","2012"
"803","2012"
"804","2012"
"805","2012"
"806","2009"
"807","2009"
"808","2017"
"809","2017"
"810","2010"
"811","2010"
"812","2022"
"813","2021"
"814","2023"
"815","2022"
"816","2023"
"817","2023"
"818","2023"
"819","2023"
"820","2023"
"821","2023"
"822","2023"
"823","2010"
"824","2010"
"825","2023"
"826","2005"
"827","2005"
"828","2005"
"829","2007"
"830","2007"
"831","2007"
"832","2018"
"833","2018"
"834","2018"
"835","1976"
"836","1976"
"837","1982"
"838","1982"
"839","1982"
"840","1982"
"841","1982"
"842","1982"
"843","1982"
"844","1998"
"845","1998"
"846","1998"
"847","1998"
"848","1990"
"849","1990"
"850","1990"
"851","1990"
"852","1990"
"853","1995"
"854","1995"
"855","1995"
"856","1995"
"857","1995"
"858","2001"
"859","2002"
"860","2002"
"861","2002"
"862","2002"
"863","2013"
"864","2013"
"865","2013"
"866","2013"
"867","2002"
"868","2002"
"869","2006"
"870","2006"
"871","2006"
"872","2007"
"873","2007"
"874","2014"
"875","2014"
"876","2014"
"877","2014"
"878","2014"
"879","2014"
"880","2014"
"881","1992"
"882","1992"
"883","1992"
"884","1992"
"885","1992"
"886","2015"
"887","2015"
"888","2015"
"889","2015"
"890","2015"
"891","2000"
"892","2000"
"893","2000"
"894","2000"
"895","2007"
"896","2007"
"897","2007"
"898","1998"
"899","1998"
"900","1980"
"901","1980"
"902","1980"
"903","1980"
"904","1980"
"905","2008"
"906","2008"
"907","2008"
"908","2017"
"909","2017"
"910","2017"
"911","2017"
"912","2023"
"913","2023"
"914","2023"
"915","2017"
"916","2017"
"917","2017"
"918","2017"
"919","2017"
"920","2017"
"921","2006"
"922","2006"
"923","2007"
"924","2007"
"925","2007"
"926","2007"
"927","2007"
"928","2007"
"929","2007"
"930","2007"
"931","2007"
"932","2007"
"933","unknown"
"934","unknown"
"935","unknown"
"936","unknown"
"937","1992"
"938","1983"
"939","1995"
"940","1995"
"941","1995"
"942","1995"
"943","1999"
"944","1999"
"945","2019"
"946","2007"
"947","2007"
"948","2017"
"949","2017"
"950","2017"
"951","2017"
"952","2016"
"953","2016"
"954","2016"
"955","2006"
"956","2006"
"957","2006"
"958","1976"
"959","1976"
"960","2004"
"961","2004"
"962","2004"
"963","1979"
"964","1985"
"965","1985"
"966","1990"
"967","1990"
"968","1990"
"969","1995"
"970","1995"
"971","1995"
"972","2003"
"973","2003"
"974","2003"
"975","1996"
"976","1996"
"977","2022"
"978","2022"
"979","2010"
"980","2010"
"981","1984"
"982","2017"
"983","2017"
"984","2022"
"985","1990"
"986","2018"
"987","2018"
"988","2018"
"989","2018"
"990","2018"
"991","2018"
"992","2018"
"993","2017"
"994","2017"
"995","2017"
"996","1991"
"997","1991"
"998","1986"
"999","1986"
"1000","1995"
"1001","1995"
"1002","1994"
"1003","1994"
"1004","1994"
"1005","2006"
"1006","2006"
"1007","2016"
"1008","2016"
"1009","2016"
"1010","2016"
"1011","2000"
"1012","2000"
"1013","2000"
"1014","1982"
"1015","1982"
"1016","1982"
"1017","1982"
"1018","1992"
"1019","1997"
"1020","1997"
"1021","1997"
"1022","1997"
"1023","0"
"1024","0"
"1025","2020"
"1026","2020"
"1027","2006"
"1028","2006"
"1029","2022"
"1030","2022"
"1031","2001"
"1032","1997"
"1033","1997"
"1034","1997"
"1035","1997"
"1036","1997"
"1037","2017"
"1038","2017"
"1039","2014"
"1040","2014"
"1041","2014"
"1042","2013"
"1043","2013"
"1044","2013"
"1045","1999"
"1046","1999"
"1047","1999"
"1048","1986"
"1049","1986"
"1050","2006"
"1051","1994"
"1052","1994"
"1053","1994"
"1054","2003"
"1055","2003"
"1056","1999"
"1057","1999"
"1058","1999"
"1059","1999"
"1060","1999"
"1061","1999"
"1062","1999"
"1063","1999"
"1064","2024"
"1065","2024"
"1066","2024"
"1067","2024"
"1068","1988"
"1069","1988"
"1070","1988"
"1071","1988"
"1072","1988"
"1073","1998"
"1074","1998"
"1075","2000"
"1076","2018"
"1077","2018"
"1078","1958"
"1079","2015"
"1080","2015"
"1081","2015"
"1082","2001"
"1083","1998"
"1084","1998"
"1085","1986"
"1086","1986"
"1087","1986"
"1088","2009"
"1089","2009"
"1090","2009"
"1091","2009"
"1092","2009"
"1093","2009"
"1094","0"
"1095","2004"
"1096","2004"
"1097","2004"
"1098","2004"
"1099","2004"
"1100","2004"
"1101","2004"
"1102","2004"
"1103","2017"
"1104","2017"
"1105","2017"
"1106","2017"
"1107","2017"
"1108","2017"
"1109","2017"
"1110","2017"
"1111","2017"
"1112","1994"
"1113","1994"
"1114","1985"
"1115","2022"
"1116","2022"
"1117","2022"
"1118","2022"
"1119","1988"
"1120","1988"
"1121","2003"
"1122","2003"
"1123","2003"
"1124","2001"
"1125","2019"
"1126","2019"
"1127","2019"
"1128","2019"
"1129","2017"
"1130","2017"
"1131","2017"
"1132","1994"
"1133","1994"
"1134","2003"
"1135","2003"
"1136","2003"
"1137","2003"
"1138","2001"
"1139","2001"
"1140","2001"
"1141","2014"
"1142","2014"
"1143","2014"
"1144","2014"
"1145","2014"
"1146","2014"
"1147","2019"
"1148","2019"
"1149","2019"
"1150","2019"
"1151","2019"
"1152","2019"
"1153","2022"
"1154","2022"
"1155","2022"
"1156","2022"
"1157","2022"
"1158","2022"
"1159","2022"
"1160","2022"
"1161","2022"
"1162","2022"
"1163","2009"
"1164","2009"
"1165","2009"
"1166","2009"
"1167","2009"
"1168","2019"
"1169","2019"
"1170","2019"
"1171","2019"
"1172","2019"
"1173","2016"
"1174","2016"
"1175","2006"
"1176","2006"
"1177","2015"
"1178","2015"
"1179","2023"
"1180","2023"
"1181","2018"
"1182","2018"
"1183","2018"
"1184","2018"
"1185","2018"
"1186","1990"
"1187","1982"
"1188","1982"
"1189","1997"
"1190","1997"
"1191","1997"
"1192","1997"
"1193","1997"
"1194","2023"
"1195","2023"
"1196","2023"
"1197","2023"
"1198","2023"
"1199","1992"
"1200","1992"
"1201","1992"
"1202","1992"
"1203","1996"
"1204","1996"
"1205","1996"
"1206","2024"
"1207","2024"
"1208","2024"
"1209","2024"
"1210","25"
"1211","25"
"1212","25"
"1213","25"
"1214","25"
"1215","25"
"1216","25"
"1217","25"
"1218","2013"
"1219","1996"
"1220","1996"
"1221","1996"
"1222","1996"
"1223","1996"
"1224","2012"
"1225","2012"
"1226","2006"
"1227","3"
"1228","3"
"1229","3"
"1230","2013"
"1231","2013"
"1232","2014"
"1233","2006"
"1234","2006"
"1235","2006"
"1236","2006"
"1237","2012"
"1238","2012"
"1239","2012"
"1240","2012"
"1241","2012"
"1242","2012"
"1243","2003"
"1244","2003"
"1245","2003"
"1246","2003"
"1247","2016"
"1248","2016"
"1249","2016"
"1250","2016"
"1251","2016"
"1252","2016"
"1253","2016"
"1254","2016"
"1255","2000"
"1256","2000"
"1257","2000"
"1258","2019"
"1259","2019"
"1260","2019"
"1261","2019"
"1262","2019"
"1263","2019"
"1264","2019"
"1265","2012"
"1266","2012"
"1267","2012"
"1268","2012"
"1269","1979"
"1270","1979"
"1271","1979"
"1272","1979"
"1273","1979"
"1274","1979"
"1275","2006"
"1276","2019"
"1277","2023"
"1278","2023"
"1279","2019"
"1280","2001"
"1281","2023"
"1282","2023"
"1283","2023"
"1284","2023"
"1285","2023"
"1286","2023"
"1287","2023"
"1288","2023"
"1289","1981"
"1290","1981"
"1291","2005"
"1292","2005"
"1293","2005"
"1294","2005"
"1295","1993"
"1296","1993"
"1297","1993"
"1298","1993"
"1299","1993"
"1300","1993"
"1301","1993"
"1302","2014"
"1303","2014"
"1304","2014"
"1305","2014"
"1306","2014"
"1307","2023"
"1308","2023"
"1309","2013"
"1310","2013"
"1311","2013"
"1312","2016"
"1313","2006"
"1314","2006"
"1315","1998"
"1316","1998"
"1317","1998"
"1318","1998"
"1319","2008"
"1320","2008"
"1321","2008"
"1322","1985"
"1323","2014"
"1324","2014"
"1325","2014"
"1326","1985"
"1327","1985"
"1328","1985"
"1329","1985"
"1330","2013"
"1331","2013"
"1332","2010"
"1333","2010"
"1334","2006"
"1335","2006"
"1336","2004"
"1337","2004"
"1338","2004"
"1339","1985"
"1340","2010"
"1341","2010"
"1342","2008"
"1343","2008"
"1344","1999"
"1345","1999"
"1346","1999"
"1347","1991"
"1348","2014"
"1349","1994"
"1350","1985"
"1351","1979"
"1352","1979"
"1353","2011"
"1354","2011"
"1355","2011"
"1356","1999"
"1357","2011"
"1358","2011"
"1359","2011"
"1360","2011"
"1361","2016"
"1362","2016"
"1363","2000"
"1364","2012"
"1365","2012"
"1366","1996"
"1367","1987"
"1368","1987"
"1369","2016"
"1370","2016"
"1371","2016"
"1372","2016"
"1373","2016"
"1374","2016"
"1375","1989"
"1376","1989"
"1377","1989"
"1378","1997"
"1379","1997"
"1380","1997"
"1381","2003"
"1382","2003"
"1383","2003"
"1384","1986"
"1385","1986"
"1386","1986"
"1387","2002"
"1388","2002"
"1389","2002"
"1390","2023"
"1391","2023"
"1392","2023"
"1393","2003"
"1394","2003"
"1395","1989"
"1396","1989"
"1397","2009"
"1398","2009"
"1399","2009"
"1400","1997"
"1401","1997"
"1402","1989"
"1403","1987"
"1404","1987"
"1405","2012"
"1406","2012"
"1407","1979"
"1408","1979"
"1409","1979"
"1410","1979"
"1411","1979"
"1412","1979"
"1413","1989"
"1414","125"
"1415","125"
"1416","125"
"1417","1989"
"1418","1989"
"1419","1989"
"1420","2015"
"1421","2015"
"1422","2015"
"1423","2014"
"1424","2014"
"1425","2014"
"1426","2014"
"1427","2012"
"1428","2012"
"1429","1984"
"1430","1987"
"1431","1991"
"1432","1991"
"1433","1991"
"1434","2005"
"1435","2005"
"1436","2005"
"1437","2012"
"1438","2011"
"1439","2011"
"1440","2011"
"1441","1989"
"1442","2012"
"1443","2017"
"1444","2017"
"1445","1987"
"1446","1987"
"1447","2016"
"1448","2016"
"1449","2016"
"1450","2016"
"1451","1974"
"1452","1978"
"1453","1993"
"1454","1984"
"1455","2023"
"1456","1962"
"1457","2015"
"1458","2015"
"1459","2015"
"1460","2015"
"1461","2017"
"1462","2017"
"1463","2005"
"1464","2005"
"1465","2005"
"1466","2005"
"1467","2009"
"1468","2009"
"1469","2002"
"1470","2002"
"1471","2018"
"1472","2018"
"1473","2002"
"1474","2002"
"1475","1983"
"1476","1983"
"1477","1983"
"1478","1977"
"1479","1977"
"1480","2011"
"1481","2011"
"1482","2011"
"1483","2015"
"1484","1992"
"1485","1992"
"1486","2021"
"1487","2021"
"1488","2021"
"1489","2013"
"1490","2013"
"1491","1995"
"1492","2000"
"1493","2000"
"1494","2006"
"1495","2000"
"1496","2000"
"1497","1975"
"1498","1996"
"1499","1994"
"1500","1994"
"1501","2019"
"1502","2019"
"1503","2019"
"1504","2002"
"1505","2002"
"1506","1962"
"1507","1962"
"1508","1971"
"1509","1971"
"1510","1971"
"1511","1991"
"1512","1991"
"1513","1991"
"1514","1989"
"1515","1989"
"1516","1989"
"1517","1989"
"1518","1989"
"1519","1989"
"1520","1989"
"1521","2001"
"1522","2013"
"1523","2013"
"1524","2007"
"1525","2007"
"1526","1986"
"1527","1986"
"1528","2001"
"1529","1979"
"1530","2000"
"1531","2023"
"1532","1984"
"1533","1984"
"1534","2022"
"1535","2021"
"1536","2017"
"1537","2017"
"1538","1995"
"1539","1995"
"1540","2011"
"1541","1994"
"1542","1994"
"1543","1994"
"1544","2016"
"1545","1978"
"1546","2011"
"1547","2011"
"1548","1981"
"1549","2017"
"1550","2017"
"1551","2017"
"1552","1981"
"1553","2010"
"1554","2010"
"1555","2019"
"1556","2019"
"1557","2017"
"1558","2017"
"1559","2017"
"1560","2022"
"1561","2019"
"1562","2019"
"1563","1995"
"1564","1995"
"1565","1995"
"1566","1995"
"1567","1995"
"1568","1977"
"1569","1977"
"1570","2019"
"1571","2019"
"1572","2005"
"1573","2005"
"1574","2005"
"1575","2005"
"1576","1994"
"1577","1994"
"1578","1983"
"1579","2005"
"1580","2017"
"1581","2017"
"1582","2017"
"1583","2010"
"1584","2010"
"1585","1999"
"1586","1999"
"1587","2021"
"1588","2021"
"1589","2021"
"1590","15"
"1591","15"
"1592","0"
"1593","0"
"1594","2012"
"1595","2012"
"1596","1993"
"1597","1986"
"1598","2014"
"1599","2014"
"1600","2017"
"1601","2017"
"1602","2014"
"1603","2014"
"1604","2019"
"1605","2023"
"1606","2023"
"1607","2023"
"1608","2004"
"1609","2004"
"1610","1984"
"1611","1984"
"1612","1991"
"1613","1991"
"1614","1991"
"1615","1991"
"1616","1991"
"1617","1991"
"1618","2012"
"1619","2012"
"1620","1999"
"1621","1999"
"1622","2012"
"1623","2012"
"1624","1999"
"1625","1999"
"1626","1986"
"1627","1986"
"1628","1994"
"1629","1994"
"1630","1994"
"1631","1994"
"1632","1994"
"1633","1994"
"1634","1994"
"1635","1994"
"1636","1994"
"1637","1994"
"1638","1997"
"1639","2012"
"1640","2012"
"1641","2012"
"1642","2012"
"1643","2012"
"1644","1993"
"1645","1993"
"1646","2016"
"1647","2000"
"1648","1982"
"1649","1985"
"1650","1985"
"1651","2004"
"1652","1996"
"1653","1996"
"1654","1996"
"1655","1999"
"1656","1999"
"1657","1999"
"1658","1984"
"1659","2000"
"1660","2000"
"1661","1990"
"1662","1990"
"1663","2017"
"1664","1974"
"1665","1974"
"1666","2017"
"1667","2017"
"1668","2013"
"1669","2013"
"1670","1986"
"1671","1986"
"1672","1986"
"1673","1986"
"1674","1986"
"1675","2015"
"1676","1986"
"1677","1986"
"1678","1986"
"1679","1986"
"1680","1986"
"1681","1996"
"1682","1996"
"1683","2021"
"1684","2021"
"1685","2021"
"1686","2003"
"1687","2003"
"1688","2012"
"1689","2012"
"1690","1995"
"1691","1995"
"1692","2003"
"1693","2006"
"1694","1988"
"1695","1988"
"1696","2018"
"1697","2014"
"1698","2014"
"1699","2014"
"1700","2014"
"1701","2010"
"1702","2003"
"1703","2003"
"1704","1996"
"1705","1996"
"1706","1996"
"1707","2011"
"1708","2011"
"1709","2011"
"1710","2018"
"1711","2018"
"1712","2018"
"1713","2018"
"1714","2014"
"1715","2014"
"1716","2014"
"1717","2014"
"1718","2012"
"1719","2012"
"1720","2012"
"1721","2012"
"1722","2021"
"1723","2021"
"1724","2008"
"1725","2007"
"1726","2007"
"1727","2003"
"1728","2003"
"1729","2016"
"1730","0"
"1731","0"
"1732","2008"
"1733","2017"
"1734","2017"
"1735","1999"
"1736","1999"
"1737","1993"
"1738","1993"
"1739","2007"
"1740","2007"
"1741","2015"
"1742","2015"
"1743","1985"
"1744","1985"
"1745","2001"
"1746","1995"
"1747","2020"
"1748","2019"
"1749","2019"
"1750","2019"
"1751","2019"
"1752","2023"
"1753","2020"
"1754","2011"
"1755","1989"
"1756","1997"
"1757","1997"
"1758","2015"
"1759","2015"
"1760","2015"
"1761","2010"
"1762","1980"
"1763","1980"
"1764","1969"
"1765","1969"
"1766","1969"
"1767","1969"
"1768","1986"
"1769","1989"
"1770","1987"
"1771","1987"
"1772","1997"
"1773","1997"
"1774","1999"
"1775","1999"
"1776","1999"
"1777","2006"
"1778","2006"
"1779","2022"
"1780","2022"
"1781","2022"
"1782","2022"
"1783","2022"
"1784","2017"
"1785","2000"
"1786","2000"
"1787","1980"
"1788","1975"
"1789","1975"
"1790","1995"
"1791","1987"
"1792","1987"
"1793","1987"
"1794","1987"
"1795","3"
"1796","1994"
"1797","1994"
"1798","2006"
"1799","2011"
"1800","2011"
"1801","2011"
"1802","2016"
"1803","2016"
"1804","2016"
"1805","2016"
"1806","1996"
"1807","2022"
"1808","2022"
"1809","2000"
"1810","2016"
"1811","2016"
"1812","2001"
"1813","1973"
"1814","1989"
"1815","1989"
"1816","2018"
"1817","2018"
"1818","2018"
"1819","2013"
"1820","2013"
"1821","2019"
"1822","2019"
"1823","2019"
"1824","0"
"1825","0"
"1826","2019"
"1827","2015"
"1828","2018"
"1829","2018"
"1830","2010"
"1831","2010"
"1832","2004"
"1833","1991"
"1834","2001"
"1835","2001"
"1836","2008"
"1837","2008"
"1838","2022"
"1839","2016"
"1840","2016"
"1841","1976"
"1842","1970"
"1843","1993"
"1844","1993"
"1845","1993"
"1846","2003"
"1847","2003"
"1848","1988"
"1849","1988"
"1850","1988"
"1851","1988"
"1852","2019"
"1853","2019"
"1854","1962"
"1855","2022"
"1856","2022"
"1857","2004"
"1858","2011"
"1859","2011"
"1860","2011"
"1861","2013"
"1862","2013"
"1863","2013"
"1864","2013"
"1865","2006"
"1866","2006"
"1867","1994"
"1868","1994"
"1869","2001"
"1870","1996"
"1871","1996"
"1872","1996"
"1873","1996"
"1874","2022"
"1875","2022"
"1876","1990"
"1877","1992"
"1878","1998"
"1879","2000"
"1880","2000"
"1881","2000"
"1882","2000"
"1883","2000"
"1884","1989"
"1885","2022"
"1886","2022"
"1887","2012"
"1888","2023"
"1889","2023"
"1890","2023"
"1891","2023"
"1892","2011"
"1893","2011"
"1894","2007"
"1895","2007"
"1896","1991"
"1897","1991"
"1898","2002"
"1899","2010"
"1900","2010"
"1901","2008"
"1902","2008"
"1903","2010"
"1904","2010"
"1905","2010"
"1906","2012"
"1907","2003"
"1908","2003"
"1909","2003"
"1910","2003"
"1911","2003"
"1912","1990"
"1913","1990"
"1914","2009"
"1915","2009"
"1916","2012"
"1917","2012"
"1918","2009"
"1919","2009"
"1920","2011"
"1921","2011"
"1922","2017"
"1923","2017"
"1924","2015"
"1925","2015"
"1926","2015"
"1927","2015"
"1928","2003"
"1929","2003"
"1930","2010"
"1931","2022"
"1932","2022"
"1933","2022"
"1934","2022"
"1935","2022"
"1936","2022"
"1937","2023"
"1938","2023"
"1939","2023"
"1940","2010"
"1941","2023"
"1942","2005"
"1943","2005"
"1944","2007"
"1945","2018"
"1946","2018"
"1947","1976"
"1948","1976"
"1949","1976"
"1950","1982"
"1951","1998"
"1952","1998"
"1953","1990"
"1954","1990"
"1955","1995"
"1956","2001"
"1957","2002"
"1958","2002"
"1959","2002"
"1960","2013"
"1961","2002"
"1962","2002"
"1963","2006"
"1964","2006"
"1965","2007"
"1966","2007"
"1967","2014"
"1968","2014"
"1969","1992"
"1970","2015"
"1971","2015"
"1972","2015"
"1973","2000"
"1974","2007"
"1975","1998"
"1976","1985"
"1977","1985"
"1978","1985"
"1979","1985"
"1980","2008"
"1981","2008"
"1982","2017"
"1983","2023"
"1984","2023"
"1985","2017"
"1986","2017"
"1987","2006"
"1988","2006"
"1989","2006"
"1990","2007"
"1991","2007"
"1992","2007"
"1993","2007"
"1994","unknown"
"1995","unknown"
"1996","1992"
"1997","1983"
"1998","1995"
"1999","1995"
"2000","1999"
"2001","2019"
"2002","2007"
"2003","2007"
"2004","2017"
"2005","2016"
"2006","2016"
"2007","2016"
"2008","2006"
"2009","2006"
"2010","2006"
"2011","1976"
"2012","2004"
"2013","1979"
"2014","1979"
"2015","1979"
"2016","1985"
"2017","1990"
"2018","1990"
"2019","1995"
"2020","2003"
"2021","2003"
"2022","1996"
"2023","1996"
"2024","1996"
"2025","2022"
"2026","2010"
"2027","1984"
"2028","2017"
"2029","1986"
"2030","1986"
"2031","2022"
"2032","2022"
"2033","1990"
"2034","2018"
"2035","2018"
"2036","2018"
"2037","2018"
"2038","2017"
"2039","2017"
"2040","1991"
"2041","1986"
"2042","1986"
"2043","1986"
"2044","1995"
"2045","2003"
"2046","1994"
"2047","1994"
"2048","2006"
"2049","2006"
"2050","2016"
"2051","2016"
"2052","2016"
"2053","2016"
"2054","2000"
"2055","2000"
"2056","1982"
"2057","1992"
"2058","1992"
"2059","1997"
"2060","1997"
"2061","0"
"2062","2020"
"2063","2006"
"2064","2022"
"2065","2001"
"2066","2001"
"2067","1997"
"2068","2017"
"2069","2017"
"2070","2014"
"2071","2013"
"2072","2013"
"2073","1999"
"2074","1999"
"2075","1986"
"2076","2006"
"2077","2006"
"2078","1994"
"2079","1994"
"2080","2003"
"2081","2003"
"2082","1999"
"2083","1999"
"2084","1999"
"2085","1999"
"2086","2024"
"2087","2024"
"2088","2024"
"2089","2024"
"2090","1988"
"2091","1998"
"2092","2000"
"2093","2023"
"2094","2023"
"2095","2018"
"2096","1958"
"2097","1958"
"2098","2015"
"2099","2015"
"2100","2015"
"2101","2001"
"2102","1998"
"2103","1986"
"2104","2009"
"2105","2009"
"2106","2009"
"2107","0"
"2108","0"
"2109","2004"
"2110","2004"
"2111","2004"
"2112","2017"
"2113","2017"
"2114","1994"
"2115","1994"
"2116","1985"
"2117","2022"
"2118","2022"
"2119","1988"
"2120","1988"
"2121","2003"
"2122","2003"
"2123","2003"
"2124","2001"
"2125","2001"
"2126","2019"
"2127","2019"
"2128","2019"
"2129","2017"
"2130","1994"
"2131","1994"
"2132","2003"
"2133","2003"
"2134","2003"
"2135","2001"
"2136","2001"
"2137","2019"
"2138","2019"
"2139","2019"
"2140","2022"
"2141","2022"
"2142","2022"
"2143","2022"
"2144","2022"
"2145","2022"
"2146","2009"
"2147","2009"
"2148","2009"
"2149","2019"
"2150","2019"
"2151","2019"
"2152","2016"
"2153","2006"
"2154","2006"
"2155","2015"
"2156","1994"
"2157","2016"
"2158","2016"
"2159","2023"
"2160","2023"
"2161","2018"
"2162","2018"
"2163","1990"
"2164","1983"
"2165","1983"
"2166","1982"
"2167","1997"
"2168","1997"
"2169","1997"
"2170","2023"
"2171","2023"
"2172","1992"
"2173","1992"
"2174","1996"
"2175","1996"
"2176","2024"
"2177","2024"
"2178","25"
"2179","25"
"2180","2013"
"2181","2013"
"2182","1996"
"2183","2012"
"2184","2006"
"2185","2006"
"2186","3"
"2187","3"
"2188","2013"
"2189","2013"
"2190","2014"
"2191","2006"
"2192","2006"
"2193","2006"
"2194","2006"
"2195","1976"
"2196","1976"
"2197","2012"
"2198","2012"
"2199","2012"
"2200","2012"
"2201","2003"
"2202","2003"
"2203","2016"
"2204","2016"
"2205","2000"
"2206","2000"
"2207","2000"
"2208","2000"
"2209","2000"
"2210","2016"
"2211","2016"
"2212","2016"
"2213","2000"
"2214","2000"
"2215","2000"
"2216","2019"
"2217","2019"
"2218","2012"
"2219","2012"
"2220","2012"
"2221","1979"
"2222","1979"
"2223","2006"
"2224","2006"
"2225","2019"
"2226","1984"
"2227","1984"
"2228","1992"
"2229","2023"
"2230","2023"
"2231","2023"
"2232","2019"
"2233","2014"
"2234","2001"
"2235","2001"
"2236","2001"
"2237","2023"
"2238","2023"
"2239","2023"
"2240","2023"
"2241","2023"
"2242","2023"
"2243","2023"
"2244","2023"
"2245","2023"
"2246","1981"
"2247","2005"
"2248","2005"
"2249","2005"
"2250","2005"
"2251","1993"
"2252","1993"
"2253","1993"
"2254","1993"
"2255","1993"
"2256","1993"
"2257","1993"
"2258","2014"
"2259","2014"
"2260","2014"
"2261","2014"
"2262","2023"
"2263","2023"
"2264","2013"
"2265","2013"
"2266","2016"
"2267","2016"
"2268","2006"
"2269","1998"
"2270","1998"
"2271","2008"
"2272","1985"
"2273","2014"
"2274","2014"
"2275","1985"
"2276","2013"
"2277","2013"
"2278","2010"
"2279","2006"
"2280","2006"
"2281","2006"
"2282","2004"
"2283","2004"
"2284","2004"
"2285","2004"
"2286","1985"
"2287","1985"
"2288","1985"
"2289","2010"
"2290","2008"
"2291","2008"
"2292","1999"
"2293","1991"
"2294","2014"
"2295","1994"
"2296","2009"
"2297","2009"
"2298","1985"
"2299","1985"
"2300","2017"
"2301","1979"
"2302","2011"
"2303","1999"
"2304","1999"
"2305","1999"
"2306","1999"
"2307","2016"
"2308","2000"
"2309","2012"
"2310","2012"
"2311","2012"
"2312","2012"
"2313","2012"
"2314","2012"
"2315","1996"
"2316","1996"
"2317","1996"
"2318","1996"
"2319","1987"
"2320","1987"
"2321","1987"
"2322","2016"
"2323","2016"
"2324","2016"
"2325","2016"
"2326","2016"
"2327","2016"
"2328","1997"
"2329","1997"
"2330","1997"
"2331","1997"
"2332","1997"
"2333","2003"
"2334","2003"
"2335","2003"
"2336","1986"
"2337","1986"
"2338","1986"
"2339","1986"
"2340","1986"
"2341","1986"
"2342","2002"
"2343","2002"
"2344","2002"
"2345","2023"
"2346","2003"
"2347","1997"
"2348","1997"
"2349","1997"
"2350","1997"
"2351","1997"
"2352","1997"
"2353","1989"
"2354","1987"
"2355","1989"
"2356","1989"
"2357","125"
"2358","125"
"2359","125"
"2360","125"
"2361","1989"
"2362","2015"
"2363","2015"
"2364","2015"
"2365","2015"
"2366","2015"
"2367","2015"
"2368","2014"
"2369","2014"
"2370","2014"
"2371","2014"
"2372","2014"
"2373","2014"
"2374","1987"
"2375","1991"
"2376","1991"
"2377","1991"
"2378","1991"
"2379","1991"
"2380","1991"
"2381","1991"
"2382","1694"
"2383","1694"
"2384","1694"
"2385","1694"
"2386","1694"
"2387","2005"
"2388","2005"
"2389","1985"
"2390","2012"
"2391","2012"
"2392","2012"
"2393","2012"
"2394","2012"
"2395","2012"
"2396","2012"
"2397","2012"
"2398","2012"
"2399","2012"
"2400","2011"
"2401","2011"
"2402","2011"
"2403","2011"
"2404","1989"
"2405","2016"
"2406","2016"
"2407","2012"
"2408","2012"
"2409","2017"
"2410","2017"
"2411","2017"
"2412","1987"
"2413","1987"
"2414","1987"
"2415","1987"
"2416","1987"
"2417","1987"
"2418","1987"
"2419","1987"
"2420","1987"
"2421","1987"
"2422","1987"
"2423","1987"
"2424","1987"
"2425","2016"
"2426","2016"
"2427","2016"
"2428","2016"
"2429","2016"
"2430","2016"
"2431","2016"
"2432","2016"
"2433","1978"
"2434","1993"
"2435","1993"
"2436","1993"
"2437","2023"
"2438","2023"
"2439","1962"
"2440","2015"
"2441","2015"
"2442","2015"
"2443","2017"
"2444","2017"
"2445","2017"
"2446","2017"
"2447","2017"
"2448","2005"
"2449","2005"
"2450","2005"
"2451","2005"
"2452","2005"
"2453","2005"
"2454","2005"
"2455","2005"
"2456","2005"
"2457","2005"
"2458","2005"
"2459","2005"
"2460","2009"
"2461","2009"
"2462","2009"
"2463","2009"
"2464","2002"
"2465","2018"
"2466","2018"
"2467","2018"
"2468","2018"
"2469","2002"
"2470","1977"
"2471","1977"
"2472","1977"
"2473","1983"
"2474","1983"
"2475","1983"
"2476","1983"
"2477","1983"
"2478","1977"
"2479","1977"
"2480","1977"
"2481","2011"
"2482","2011"
"2483","2011"
"2484","2015"
"2485","2015"
"2486","2015"
"2487","2015"
"2488","2015"
"2489","2015"
"2490","2015"
"2491","1992"
"2492","1992"
"2493","1992"
"2494","1992"
"2495","2021"
"2496","2021"
"2497","2021"
"2498","2013"
"2499","2013"
"2500","2013"
"2501","1995"
"2502","1995"
"2503","1995"
"2504","1995"
"2505","1995"
"2506","1995"
"2507","2000"
"2508","2006"
"2509","2006"
"2510","2006"
"2511","2000"
"2512","2000"
"2513","2000"
"2514","2000"
"2515","2000"
"2516","2000"
"2517","1994"
"2518","2019"
"2519","2019"
"2520","1971"
"2521","1989"
"2522","2001"
"2523","2013"
"2524","2013"
"2525","2007"
"2526","2001"
"2527","1979"
"2528","2023"
"2529","2023"
"2530","2023"
"2531","2023"
"2532","2023"
"2533","2023"
"2534","2022"
"2535","2021"
"2536","1995"
"2537","1995"
"2538","1994"
"2539","1978"
"2540","2011"
"2541","2011"
"2542","2011"
"2543","2011"
"2544","2011"
"2545","1978"
"2546","1978"
"2547","1978"
"2548","1978"
"2549","1981"
"2550","1981"
"2551","2017"
"2552","1981"
"2553","1981"
"2554","2010"
"2555","2010"
"2556","2010"
"2557","2010"
"2558","2019"
"2559","2019"
"2560","2019"
"2561","2022"
"2562","2022"
"2563","2022"
"2564","2022"
"2565","2019"
"2566","2019"
"2567","2019"
"2568","2019"
"2569","1977"
"2570","1977"
"2571","1977"
"2572","2019"
"2573","2019"
"2574","2019"
"2575","2019"
"2576","2005"
"2577","2005"
"2578","1994"
"2579","1994"
"2580","2005"
"2581","2005"
"2582","2005"
"2583","2010"
"2584","2010"
"2585","2010"
"2586","2010"
"2587","2010"
"2588","2010"
"2589","2010"
"2590","2010"
"2591","2010"
"2592","2010"
"2593","2010"
"2594","2010"
"2595","1999"
"2596","1999"
"2597","1999"
"2598","15"
"2599","15"
"2600","15"
"2601","0"
"2602","0"
"2603","0"
"2604","2012"
"2605","1993"
"2606","1993"
"2607","1993"
"2608","1986"
"2609","1986"
"2610","2014"
"2611","2017"
"2612","2017"
"2613","2014"
"2614","2019"
"2615","2019"
"2616","2019"
"2617","2019"
"2618","2019"
"2619","2023"
"2620","2023"
"2621","2023"
"2622","2023"
"2623","2023"
"2624","2023"
"2625","2023"
"2626","2023"
"2627","2023"
"2628","2020"
"2629","2020"
"2630","2020"
"2631","2020"
"2632","2020"
"2633","2020"
"2634","2020"
"2635","2004"
"2636","2004"
"2637","2004"
"2638","2012"
"2639","2012"
"2640","1999"
"2641","1999"
"2642","1999"
"2643","1999"
"2644","2012"
"2645","2012"
"2646","1999"
"2647","1999"
"2648","1999"
"2649","1999"
"2650","1986"
"2651","1986"
"2652","1986"
"2653","1986"
"2654","1986"
"2655","1986"
"2656","1994"
"2657","1994"
"2658","1994"
"2659","1997"
"2660","1997"
"2661","1997"
"2662","1997"
"2663","1997"
"2664","1997"
"2665","1997"
"2666","1997"
"2667","1993"
"2668","1993"
"2669","2016"
"2670","1982"
"2671","1982"
"2672","1982"
"2673","1982"
"2674","1985"
"2675","2004"
"2676","2004"
"2677","2004"
"2678","2004"
"2679","1996"
"2680","1996"
"2681","1996"
"2682","1996"
"2683","1999"
"2684","1999"
"2685","1999"
"2686","1999"
"2687","1999"
"2688","1999"
"2689","1984"
"2690","1984"
"2691","1984"
"2692","2000"
"2693","1990"
"2694","1990"
"2695","1990"
"2696","2017"
"2697","1974"
"2698","1974"
"2699","1974"
"2700","1974"
"2701","2017"
"2702","2017"
"2703","2013"
"2704","1986"
"2705","1986"
"2706","1986"
"2707","1986"
"2708","1986"
"2709","1986"
"2710","1986"
"2711","1986"
"2712","1986"
"2713","1986"
"2714","1996"
"2715","1996"
"2716","1996"
"2717","1996"
"2718","2021"
"2719","2021"
"2720","2012"
"2721","2012"
"2722","2012"
"2723","1995"
"2724","1995"
"2725","1995"
"2726","1995"
"2727","1995"
"2728","2006"
"2729","2006"
"2730","2006"
"2731","2006"
"2732","2006"
"2733","2016"
"2734","2016"
"2735","2016"
"2736","2018"
"2737","2018"
"2738","2014"
"2739","2014"
"2740","2014"
"2741","2014"
"2742","2014"
"2743","2014"
"2744","2014"
"2745","2014"
"2746","2010"
"2747","1996"
"2748","2011"
"2749","2011"
"2750","2018"
"2751","2018"
"2752","2012"
"2753","2012"
"2754","2021"
"2755","2021"
"2756","2021"
"2757","2021"
"2758","2021"
"2759","2007"
"2760","2003"
"2761","2016"
"2762","2016"
"2763","2016"
"2764","2008"
"2765","2008"
"2766","2017"
"2767","2017"
"2768","2017"
"2769","2017"
"2770","1999"
"2771","1999"
"2772","1999"
"2773","1993"
"2774","2007"
"2775","2007"
"2776","2007"
"2777","2015"
"2778","2015"
"2779","1985"
"2780","2001"
"2781","2019"
"2782","2019"
"2783","2019"
"2784","2019"
"2785","2019"
"2786","2019"
"2787","2023"
"2788","2020"
"2789","2011"
"2790","1989"
"2791","1997"
"2792","1997"
"2793","2010"
"2794","2010"
"2795","2010"
"2796","2010"
"2797","1980"
"2798","1980"
"2799","1995"
"2800","1969"
"2801","1969"
"2802","1986"
"2803","1986"
"2804","1989"
"2805","1989"
"2806","1987"
"2807","1997"
"2808","1999"
"2809","2022"
"2810","2022"
"2811","2022"
"2812","2017"
"2813","2017"
"2814","2017"
"2815","2017"
"2816","2000"
"2817","2000"
"2818","2000"
"2819","2000"
"2820","1975"
"2821","1975"
"2822","1975"
"2823","1995"
"2824","1995"
"2825","1995"
"2826","1987"
"2827","1987"
"2828","1987"
"2829","1987"
"2830","3"
"2831","1994"
"2832","1994"
"2833","1994"
"2834","1994"
"2835","1994"
"2836","2011"
"2837","2016"
"2838","2016"
"2839","2016"
"2840","2016"
"2841","2016"
"2842","2016"
"2843","1996"
"2844","1996"
"2845","1996"
"2846","1996"
"2847","1996"
"2848","1996"
"2849","1996"
"2850","2022"
"2851","2022"
"2852","2022"
"2853","2022"
"2854","2000"
"2855","2000"
"2856","2000"
"2857","2016"
"2858","2016"
"2859","2016"
"2860","2016"
"2861","2016"
"2862","2001"
"2863","2001"
"2864","2001"
"2865","1973"
"2866","1989"
"2867","2018"
"2868","2013"
"2869","2013"
"2870","2013"
"2871","2013"
"2872","2019"
"2873","2019"
"2874","2019"
"2875","2019"
"2876","2019"
"2877","0"
"2878","0"
"2879","2019"
"2880","2019"
"2881","2019"
"2882","2015"
"2883","2015"
"2884","2015"
"2885","2018"
"2886","2010"
"2887","2010"
"2888","2010"
"2889","2010"
"2890","2010"
"2891","2010"
"2892","2010"
"2893","2010"
"2894","2010"
"2895","2004"
"2896","2004"
"2897","1991"
"2898","1991"
"2899","1991"
"2900","1991"
"2901","1991"
"2902","1991"
"2903","1991"
"2904","1991"
"2905","2001"
"2906","2008"
"2907","2008"
"2908","2008"
"2909","2008"
"2910","2008"
"2911","2008"
"2912","2022"
"2913","2022"
"2914","2022"
"2915","2022"
"2916","2022"
"2917","2016"
"2918","2016"
"2919","2016"
"2920","2016"
"2921","2016"
"2922","2016"
"2923","1976"
"2924","1970"
"2925","2003"
"2926","2003"
"2927","1988"
"2928","1988"
"2929","1988"
"2930","1988"
"2931","2019"
"2932","2019"
"2933","2019"
"2934","2019"
"2935","2019"
"2936","2019"
"2937","1962"
"2938","2022"
"2939","2022"
"2940","2022"
"2941","2022"
"2942","2004"
"2943","2011"
"2944","2013"
"2945","2013"
"2946","2013"
"2947","2013"
"2948","2013"
"2949","2013"
"2950","2013"
"2951","2013"
"2952","2013"
"2953","2013"
"2954","2013"
"2955","2006"
"2956","1994"
"2957","2001"
"2958","2001"
"2959","2001"
"2960","2001"
"2961","2001"
"2962","1996"
"2963","1990"
"2964","1992"
"2965","1992"
"2966","1998"
"2967","1998"
"2968","2000"
"2969","2000"
"2970","1989"
"2971","1989"
"2972","2022"
"2973","2022"
"2974","2022"
"2975","2022"
"2976","2023"
"2977","2007"
"2978","2007"
"2979","2007"
"2980","2007"
"2981","2007"
"2982","2007"
"2983","2007"
"2984","1991"
"2985","2002"
"2986","2010"
"2987","2008"
"2988","2010"
"2989","2010"
"2990","2010"
"2991","2010"
"2992","2012"
"2993","2012"
"2994","2003"
"2995","2003"
"2996","2003"
"2997","1990"
"2998","1990"
"2999","2009"
"3000","2009"
"3001","2012"
"3002","2009"
"3003","2009"
"3004","2009"
"3005","2011"
"3006","2011"
"3007","2011"
"3008","2011"
"3009","2011"
"3010","2011"
"3011","2017"
"3012","2015"
"3013","2022"
"3014","2003"
"3015","2010"
"3016","2022"
"3017","2022"
"3018","2022"
"3019","2022"
"3020","2021"
"3021","2021"
"3022","2023"
"3023","2023"
"3024","2023"
"3025","2023"
"3026","2010"
"3027","2021"
"3028","2021"
"3029","2023"
"3030","2023"
"3031","2005"
"3032","2005"
"3033","2005"
"3034","2005"
"3035","2005"
"3036","2005"
"3037","2005"
"3038","2007"
"3039","2007"
"3040","2007"
"3041","2018"
"3042","2018"
"3043","2018"
"3044","2018"
"3045","2018"
"3046","1982"
"3047","1982"
"3048","1982"
"3049","1982"
"3050","1982"
"3051","1982"
"3052","1998"
"3053","1990"
"3054","1990"
"3055","1990"
"3056","1990"
"3057","1990"
"3058","1990"
"3059","2013"
"3060","2013"
"3061","2013"
"3062","2013"
"3063","2013"
"3064","2013"
"3065","2013"
"3066","2013"
"3067","2013"
"3068","2002"
"3069","2006"
"3070","2006"
"3071","2006"
"3072","2006"
"3073","2006"
"3074","2006"
"3075","2014"
"3076","1992"
"3077","2015"
"3078","2000"
"3079","2007"
"3080","2007"
"3081","2007"
"3082","2007"
"3083","1985"
"3084","2008"
"3085","2008"
"3086","2008"
"3087","2008"
"3088","2008"
"3089","2017"
"3090","2023"
"3091","2017"
"3092","2017"
"3093","2017"
"3094","2017"
"3095","2017"
"3096","2017"
"3097","2006"
"3098","2007"
"3099","2007"
"3100","2007"
"3101","2007"
"3102","2007"
"3103","2007"
"3104","2007"
"3105","2007"
"3106","2007"
"3107","2007"
"3108","1992"
"3109","1983"
"3110","1983"
"3111","1983"
"3112","1999"
"3113","2019"
"3114","2019"
"3115","2019"
"3116","2019"
"3117","2019"
"3118","2019"
"3119","2019"
"3120","2007"
"3121","2007"
"3122","2007"
"3123","2007"
"3124","2007"
"3125","2017"
"3126","2017"
"3127","2017"
"3128","2017"
"3129","2016"
"3130","2016"
"3131","2016"
"3132","2016"
"3133","2016"
"3134","2016"
"3135","2016"
"3136","2016"
"3137","2006"
"3138","2006"
"3139","2006"
"3140","2006"
"3141","2006"
"3142","2006"
"3143","2006"
"3144","2004"
"3145","2004"
"3146","2004"
"3147","1979"
"3148","1979"
"3149","1985"
"3150","1985"
"3151","1985"
"3152","1990"
"3153","1995"
"3154","1995"
"3155","1995"
"3156","1995"
"3157","2003"
"3158","1996"
"3159","1996"
"3160","1996"
"3161","2022"
"3162","2022"
"3163","2022"
"3164","2010"
"3165","2017"
"3166","2017"
"3167","2017"
"3168","2017"
"3169","2022"
"3170","2022"
"3171","2022"
"3172","2022"
"3173","1990"
"3174","1990"
"3175","1990"
"3176","1990"
"3177","1990"
"3178","2018"
"3179","2018"
"3180","2018"
"3181","2018"
"3182","2018"
"3183","2017"
"3184","2017"
"3185","2017"
"3186","2017"
"3187","1991"
"3188","1986"
"3189","1986"
"3190","1986"
"3191","1995"
"3192","2003"
"3193","2003"
"3194","2003"
"3195","2003"
"3196","2006"
"3197","2006"
"3198","2006"
"3199","2006"
"3200","2016"
"3201","2000"
"3202","1992"
"3203","1997"
"3204","1997"
"3205","1997"
"3206","0"
"3207","0"
"3208","0"
"3209","0"
"3210","2020"
"3211","2020"
"3212","2020"
"3213","2020"
"3214","2020"
"3215","2020"
"3216","2020"
"3217","2006"
"3218","2006"
"3219","2006"
"3220","2006"
"3221","2006"
"3222","2006"
"3223","2006"
"3224","2006"
"3225","2022"
"3226","2022"
"3227","2022"
"3228","2022"
"3229","1997"
"3230","1997"
"3231","1997"
"3232","1997"
"3233","1997"
"3234","2017"
"3235","2017"
"3236","2017"
"3237","2017"
"3238","2017"
"3239","2017"
"3240","2013"
"3241","2013"
"3242","2013"
"3243","2013"
"3244","2013"
"3245","2013"
"3246","2013"
"3247","1999"
"3248","1986"
"3249","1986"
"3250","1986"
"3251","1986"
"3252","1986"
"3253","1986"
"3254","1986"
"3255","1986"
"3256","1986"
"3257","2006"
"3258","2006"
"3259","1994"
"3260","1994"
"3261","1994"
"3262","2003"
"3263","2003"
"3264","1999"
"3265","1999"
"3266","1999"
"3267","1999"
"3268","1999"
"3269","1999"
"3270","1999"
"3271","1999"
"3272","2024"
"3273","2024"
"3274","2024"
"3275","2024"
"3276","2024"
"3277","2024"
"3278","2024"
"3279","2024"
"3280","1988"
"3281","1988"
"3282","2000"
"3283","2000"
"3284","2000"
"3285","2000"
"3286","2000"
"3287","2000"
"3288","2000"
"3289","2018"
"3290","2015"
"3291","2015"
"3292","2015"
"3293","2015"
"3294","2001"
"3295","2001"
"3296","2001"
"3297","2001"
"3298","1998"
"3299","1998"
"3300","1998"
"3301","1998"
"3302","1998"
"3303","1998"
"3304","1998"
"3305","1998"
"3306","1998"
"3307","1998"
"3308","1998"
"3309","1986"
"3310","2003"
"3311","2003"
"3312","2003"
"3313","2009"
"3314","2009"
"3315","2009"
"3316","2009"
"3317","2009"
"3318","0"
"3319","0"
"3320","0"
"3321","0"
"3322","0"
"3323","0"
"3324","2004"
"3325","2004"
"3326","2004"
"3327","2017"
"3328","1994"
"3329","1994"
"3330","1994"
"3331","1994"
"3332","1994"
"3333","1994"
"3334","1985"
"3335","2022"
"3336","1988"
"3337","1988"
"3338","1988"
"3339","1988"
"3340","2003"
"3341","2001"
"3342","2001"
"3343","2001"
"3344","2001"
"3345","2001"
"3346","2017"
"3347","2017"
"3348","2017"
"3349","2017"
"3350","1994"
"3351","1994"
"3352","1994"
"3353","1994"
"3354","1994"
"3355","1994"
"3356","1994"
"3357","2003"
"3358","2003"
"3359","2001"
"3360","2001"
"3361","2001"
"3362","2014"
"3363","2014"
"3364","2014"
"3365","2014"
"3366","2014"
"3367","2014"
"3368","2019"
"3369","2022"
"3370","2022"
"3371","2022"
"3372","2022"
"3373","2022"
"3374","2022"
"3375","2022"
"3376","2009"
"3377","2009"
"3378","2009"
"3379","2019"
"3380","2019"
"3381","2016"
"3382","2016"
"3383","2016"
"3384","2016"
"3385","2016"
"3386","2016"
"3387","2016"
"3388","2016"
"3389","2006"
"3390","2015"
"3391","2015"
"3392","2015"
"3393","2015"
"3394","1994"
"3395","2016"
"3396","2016"
"3397","2016"
"3398","2016"
"3399","2016"
"3400","2023"
"3401","2023"
"3402","2023"
"3403","2023"
"3404","2023"
"3405","2018"
"3406","2018"
"3407","2018"
"3408","2018"
"3409","1990"
"3410","1982"
"3411","1997"
"3412","1997"
"3413","1997"
"3414","1997"
"3415","1997"
"3416","1997"
"3417","1997"
"3418","1997"
"3419","2023"
"3420","2023"
"3421","2023"
"3422","2023"
"3423","2023"
"3424","2023"
"3425","2023"
"3426","1992"
"3427","1992"
"3428","1992"
"3429","1996"
"3430","1996"
"3431","1996"
"3432","2024"
"3433","25"
"3434","25"
"3435","25"
"3436","25"
"3437","25"
"3438","25"
"3439","2013"
"3440","2013"
"3441","2013"
"3442","2013"
"3443","2013"
"3444","2013"
"3445","2013"
"3446","1996"
"3447","1996"
"3448","2012"
"3449","2012"
"3450","2012"
"3451","2012"
"3452","2012"
"3453","2006"
"3454","2006"
"3455","2006"
"3456","2006"
"3457","2013"
"3458","2013"
"3459","2013"
"3460","2014"
"3461","2014"
"3462","2006"
"3463","2012"
"3464","2012"
"3465","2012"
"3466","2003"
"3467","2016"
"3468","2016"
"3469","2000"
"3470","2016"
"3471","2016"
"3472","2000"
"3473","2019"
"3474","2012"
"3475","2012"
"3476","1979"
"3477","1979"
"3478","1979"
"3479","1979"
"3480","1979"
"3481","1979"
"3482","1979"
"3483","1979"
"3484","1979"
"3485","1979"
"3486","1979"
"3487","1979"
"3488","1979"
"3489","1979"
"3490","1979"
"3491","1979"
"3492","1979"
"3493","1979"
"3494","1979"
"3495","2006"
"3496","2006"
"3497","2006"
"3498","2019"
"3499","1984"
"3500","1984"
"3501","1984"
"3502","1992"
"3503","1992"
"3504","1992"
"3505","2023"
"3506","2019"
"3507","2014"
"3508","2014"
"3509","2014"
"3510","2014"
"3511","2014"
"3512","2014"
"3513","2014"
"3514","2001"
"3515","2001"
"3516","2001"
"3517","2001"
"3518","2001"
"3519","2001"
"3520","2023"
"3521","2023"
"3522","2023"
"3523","2023"
"3524","2023"
"3525","2023"
"3526","2023"
"3527","2023"
"3528","1981"
"3529","1993"
"3530","1993"
"3531","1993"
"3532","1993"
"3533","1993"
"3534","1993"
"3535","2014"
"3536","2023"
"3537","2023"
"3538","2023"
"3539","2013"
"3540","2013"
"3541","2013"
"3542","2013"
"3543","2013"
"3544","2016"
"3545","2006"
"3546","2008"
"3547","2008"
"3548","2008"
"3549","1985"
"3550","1985"
"3551","1985"
"3552","1985"
"3553","1985"
"3554","1985"
"3555","2014"
"3556","2014"
"3557","2014"
"3558","2013"
"3559","2013"
"3560","2013"
"3561","2013"
"3562","2013"
"3563","2010"
"3564","2004"
"3565","2004"
"3566","1985"
"3567","2010"
"3568","2008"
"3569","2008"
"3570","2008"
"3571","1999"
"3572","1991"
"3573","1991"
"3574","1991"
"3575","1991"
"3576","1991"
"3577","1991"
"3578","1991"
"3579","1994"
"3580","2009"
"3581","1985"
"3582","1999"
"3583","2011"
"3584","2000"
"3585","2012"
"3586","2012"
"3587","2012"
"3588","2012"
"3589","2012"
"3590","1996"
"3591","1996"
"3592","2016"
"3593","2016"
"3594","2016"
"3595","2016"
"3596","1989"
"3597","2003"
"3598","2003"
"3599","2023"
"3600","2023"
"3601","2009"
"3602","2009"
"3603","2009"
"3604","1987"
"3605","1987"
"3606","1987"
"3607","1987"
"3608","1987"
"3609","2012"
"3610","2012"
"3611","1979"
"3612","1989"
"3613","1989"
"3614","1989"
"3615","2015"
"3616","2015"
"3617","2015"
"3618","2015"
"3619","2014"
"3620","2014"
"3621","2014"
"3622","2014"
"3623","2014"
"3624","2012"
"3625","2012"
"3626","2012"
"3627","2012"
"3628","1694"
"3629","2005"
"3630","2005"
"3631","2005"
"3632","2012"
"3633","1989"
"3634","1989"
"3635","1989"
"3636","1987"
"3637","1987"
"3638","2016"
"3639","1962"
"3640","2015"
"3641","2015"
"3642","2015"
"3643","2015"
"3644","1977"
"3645","1977"
"3646","1977"
"3647","1977"
"3648","2015"
"3649","1992"
"3650","2000"
"3651","1994"
"3652","2019"
"3653","2019"
"3654","2019"
"3655","2019"
"3656","2019"
"3657","1991"
"3658","1991"
"3659","1989"
"3660","1989"
"3661","1989"
"3662","1989"
"3663","2001"
"3664","2013"
"3665","2001"
"3666","2022"
"3667","2022"
"3668","2021"
"3669","2017"
"3670","2017"
"3671","2017"
"3672","2017"
"3673","1995"
"3674","1995"
"3675","2016"
"3676","1978"
"3677","1978"
"3678","1978"
"3679","1978"
"3680","1978"
"3681","1978"
"3682","1978"
"3683","1978"
"3684","1981"
"3685","1981"
"3686","2010"
"3687","2010"
"3688","2010"
"3689","2017"
"3690","2022"
"3691","2022"
"3692","2022"
"3693","2022"
"3694","1995"
"3695","1995"
"3696","1995"
"3697","1977"
"3698","1977"
"3699","1977"
"3700","1977"
"3701","1977"
"3702","1977"
"3703","1977"
"3704","2005"
"3705","1994"
"3706","1994"
"3707","1994"
"3708","2005"
"3709","2017"
"3710","2010"
"3711","2010"
"3712","2010"
"3713","2010"
"3714","1999"
"3715","2021"
"3716","2021"
"3717","2021"
"3718","2021"
"3719","15"
"3720","15"
"3721","0"
"3722","0"
"3723","2012"
"3724","1993"
"3725","1993"
"3726","1993"
"3727","1986"
"3728","2014"
"3729","2017"
"3730","2014"
"3731","2019"
"3732","2020"
"3733","2020"
"3734","2020"
"3735","2020"
"3736","2020"
"3737","2020"
"3738","1991"
"3739","1991"
"3740","2012"
"3741","1999"
"3742","1999"
"3743","1999"
"3744","1999"
"3745","1994"
"3746","1994"
"3747","1994"
"3748","1997"
"3749","1997"
"3750","2012"
"3751","1993"
"3752","2016"
"3753","1982"
"3754","1996"
"3755","1996"
"3756","1974"
"3757","1986"
"3758","2015"
"3759","2015"
"3760","2015"
"3761","2015"
"3762","2015"
"3763","2021"
"3764","2016"
"3765","2016"
"3766","2016"
"3767","2016"
"3768","2016"
"3769","2016"
"3770","2014"
"3771","2014"
"3772","2014"
"3773","2014"
"3774","1996"
"3775","2003"
"3776","2016"
"3777","2017"
"3778","2017"
"3779","2001"
"3780","2011"
"3781","1989"
"3782","1997"
"3783","1997"
"3784","2015"
"3785","2015"
"3786","1995"
"3787","1969"
"3788","1986"
"3789","1986"
"3790","1989"
"3791","1987"
"3792","1987"
"3793","1987"
"3794","1997"
"3795","1999"
"3796","2022"
"3797","2017"
"3798","2017"
"3799","2000"
"3800","1975"
"3801","1995"
"3802","1995"
"3803","1995"
"3804","1987"
"3805","1994"
"3806","1994"
"3807","1994"
"3808","2011"
"3809","2011"
"3810","2016"
"3811","2016"
"3812","1996"
"3813","2022"
"3814","2022"
"3815","2022"
"3816","2000"
"3817","2016"
"3818","2001"
"3819","2018"
"3820","2013"
"3821","2013"
"3822","2013"
"3823","2019"
"3824","2019"
"3825","2019"
"3826","2019"
"3827","2019"
"3828","2019"
"3829","2015"
"3830","2015"
"3831","2015"
"3832","2018"
"3833","2018"
"3834","2004"
"3835","2004"
"3836","2004"
"3837","2004"
"3838","2001"
"3839","2001"
"3840","2023"
"3841","2023"
"3842","2022"
"3843","2016"
"3844","1970"
"3845","1988"
"3846","1988"
"3847","2019"
"3848","2019"
"3849","2022"
"3850","2022"
"3851","2013"
"3852","2013"
"3853","1994"
"3854","1992"
"3855","1998"
"3856","1998"
"3857","2022"
"3858","2022"
"3859","2022"
"3860","2007"
"3861","2002"
"3862","2002"
"3863","2002"
"3864","2010"
"3865","2010"
"3866","2010"
"3867","2010"
"3868","2010"
"3869","2003"
"3870","1990"
"3871","2009"
"3872","2009"
"3873","2009"
"3874","2009"
"3875","2009"
"3876","2017"
"3877","2015"
"3878","2022"
"3879","2021"
"3880","2023"
"3881","2022"
"3882","2023"
"3883","2010"
"3884","2023"
"3885","2023"
"3886","2005"
"3887","2005"
"3888","2018"
"3889","2018"
"3890","2018"
"3891","2018"
"3892","1982"
"3893","1998"
"3894","1995"
"3895","2001"
"3896","2013"
"3897","2013"
"3898","2013"
"3899","2002"
"3900","1992"
"3901","2015"
"3902","2015"
"3903","2015"
"3904","2015"
"3905","2000"
"3906","2008"
"3907","2017"
"3908","2017"
"3909","2017"
"3910","2017"
"3911","2017"
"3912","2017"
"3913","2017"
"3914","2006"
"3915","2007"
"3916","1999"
"3917","1999"
"3918","1999"
"3919","2019"
"3920","2019"
"3921","2006"
"3922","2006"
"3923","2004"
"3924","1995"
"3925","2003"
"3926","2003"
"3927","1996"
"3928","2022"
"3929","2010"
"3930","2022"
"3931","1990"
"3932","2018"
"3933","2018"
"3934","2018"
"3935","2016"
"3936","2016"
"3937","2016"
"3938","2016"
"3939","2000"
"3940","2000"
"3941","2000"
"3942","1992"
"3943","1992"
"3944","1992"
"3945","1992"
"3946","1997"
"3947","1997"
"3948","2006"
"3949","2006"
"3950","2001"
"3951","1997"
"3952","1997"
"3953","2017"
"3954","2014"
"3955","2013"
"3956","2013"
"3957","1999"
"3958","1986"
"3959","2024"
"3960","1988"
"3961","2000"
"3962","2000"
"3963","2000"
"3964","2015"
"3965","2015"
"3966","2015"
"3967","2015"
"3968","2015"
"3969","2015"
"3970","2015"
"3971","1986"
"3972","2003"
"3973","2003"
"3974","2003"
"3975","2009"
"3976","2009"
"3977","0"
"3978","0"
"3979","2004"
"3980","2004"
"3981","2004"
"3982","2004"
"3983","2017"
"3984","2017"
"3985","2017"
"3986","2017"
"3987","2017"
"3988","1994"
"3989","1994"
"3990","1985"
"3991","1985"
"3992","2022"
"3993","2003"
"3994","2019"
"3995","2019"
"3996","2019"
"3997","2019"
"3998","2017"
"3999","1994"
"4000","1994"
"4001","1994"
"4002","1994"
"4003","2003"
"4004","2003"
"4005","2003"
"4006","2014"
"4007","2014"
"4008","2019"
"4009","2019"
"4010","2019"
"4011","2022"
"4012","2022"
"4013","2022"
"4014","2022"
"4015","2022"
"4016","2022"
"4017","2022"
"4018","2022"
"4019","2022"
"4020","2009"
"4021","2009"
"4022","2019"
"4023","2019"
"4024","2016"
"4025","2016"
"4026","2006"
"4027","2015"
"4028","2016"
"4029","2016"
"4030","1990"
"4031","1982"
"4032","1997"
"4033","1997"
"4034","2023"
"4035","1996"
"4036","2024"
"4037","2024"
"4038","2024"
"4039","2013"
"4040","2013"
"4041","2013"
"4042","2013"
"4043","1996"
"4044","1996"
"4045","2012"
"4046","2006"
"4047","2006"
"4048","2006"
"4049","2013"
"4050","2006"
"4051","2012"
"4052","2012"
"4053","2012"
"4054","2012"
"4055","2003"
"4056","2003"
"4057","2003"
"4058","2016"
"4059","2016"
"4060","2000"
"4061","2000"
"4062","2019"
"4063","2019"
"4064","2019"
"4065","2012"
"4066","2012"
"4067","2012"
"4068","2012"
"4069","2006"
"4070","2019"
"4071","2019"
"4072","2019"
"4073","2019"
"4074","2014"
"4075","2001"
"4076","2005"
"4077","2005"
"4078","2014"
"4079","2013"
"4080","2013"
"4081","2016"
"4082","2006"
"4083","2008"
"4084","1985"
"4085","2014"
"4086","2014"
"4087","1985"
"4088","1999"
"4089","2014"
"4090","1979"
"4091","2011"
"4092","1999"
"4093","1999"
"4094","2016"
"4095","2000"
"4096","2012"
"4097","1996"
"4098","1996"
"4099","1996"
"4100","1987"
"4101","1997"
"4102","2003"
"4103","1986"
"4104","2002"
"4105","2002"
"4106","2002"
"4107","2023"
"4108","1997"
"4109","1997"
"4110","1987"
"4111","1979"
"4112","1979"
"4113","1989"
"4114","1989"
"4115","125"
"4116","2015"
"4117","2014"
"4118","2014"
"4119","2014"
"4120","2014"
"4121","2012"
"4122","1984"
"4123","1991"
"4124","1694"
"4125","2005"
"4126","2005"
"4127","1985"
"4128","1985"
"4129","1985"
"4130","1985"
"4131","2011"
"4132","1989"
"4133","1989"
"4134","1989"
"4135","1989"
"4136","1989"
"4137","1989"
"4138","1989"
"4139","1989"
"4140","2016"
"4141","2012"
"4142","2012"
"4143","1987"
"4144","2016"
"4145","2016"
"4146","1993"
"4147","1993"
"4148","2023"
"4149","1962"
"4150","2015"
"4151","2017"
"4152","2017"
"4153","2017"
"4154","2017"
"4155","2017"
"4156","2005"
"4157","2005"
"4158","2005"
"4159","2002"
"4160","2018"
"4161","1977"
"4162","1977"
"4163","1977"
"4164","1977"
"4165","1977"
"4166","1983"
"4167","1977"
"4168","1977"
"4169","2011"
"4170","2011"
"4171","2011"
"4172","2011"
"4173","2011"
"4174","2011"
"4175","2011"
"4176","2011"
"4177","2011"
"4178","2015"
"4179","1992"
"4180","1992"
"4181","1992"
"4182","1992"
"4183","2013"
"4184","2013"
"4185","2013"
"4186","2013"
"4187","2013"
"4188","1995"
"4189","1995"
"4190","2006"
"4191","2006"
"4192","2000"
"4193","2000"
"4194","2000"
"4195","1975"
"4196","1994"
"4197","1989"
"4198","2001"
"4199","1986"
"4200","1986"
"4201","1986"
"4202","1986"
"4203","2001"
"4204","1979"
"4205","2000"
"4206","2022"
"4207","2022"
"4208","2021"
"4209","2021"
"4210","2021"
"4211","2017"
"4212","2017"
"4213","2017"
"4214","1995"
"4215","2011"
"4216","1978"
"4217","2011"
"4218","2011"
"4219","2011"
"4220","2011"
"4221","2011"
"4222","1981"
"4223","1981"
"4224","2010"
"4225","2010"
"4226","2019"
"4227","1995"
"4228","1995"
"4229","1995"
"4230","1977"
"4231","1977"
"4232","2005"
"4233","2005"
"4234","2005"
"4235","2005"
"4236","1983"
"4237","2005"
"4238","2005"
"4239","2010"
"4240","2010"
"4241","1999"
"4242","2021"
"4243","2012"
"4244","2012"
"4245","1993"
"4246","1986"
"4247","2014"
"4248","2017"
"4249","2017"
"4250","2017"
"4251","2017"
"4252","2014"
"4253","2019"
"4254","2019"
"4255","2020"
"4256","2020"
"4257","1980"
"4258","1980"
"4259","1991"
"4260","1991"
"4261","1991"
"4262","1991"
"4263","2012"
"4264","2012"
"4265","2012"
"4266","2012"
"4267","1986"
"4268","1986"
"4269","1986"
"4270","1994"
"4271","1994"
"4272","1994"
"4273","1994"
"4274","1997"
"4275","2012"
"4276","2012"
"4277","1993"
"4278","2000"
"4279","1982"
"4280","1982"
"4281","2004"
"4282","1996"
"4283","1996"
"4284","1996"
"4285","1999"
"4286","1999"
"4287","1984"
"4288","1984"
"4289","1984"
"4290","1984"
"4291","2000"
"4292","2000"
"4293","1990"
"4294","1990"
"4295","1990"
"4296","1990"
"4297","1974"
"4298","1974"
"4299","1974"
"4300","1974"
"4301","2017"
"4302","2017"
"4303","2017"
"4304","2017"
"4305","2017"
"4306","2017"
"4307","2017"
"4308","2017"
"4309","1986"
"4310","1996"
"4311","2021"
"4312","2021"
"4313","2021"
"4314","2012"
"4315","2012"
"4316","2006"
"4317","2006"
"4318","2016"
"4319","1988"
"4320","1988"
"4321","1988"
"4322","1988"
"4323","2010"
"4324","1996"
"4325","1996"
"4326","2011"
"4327","2014"
"4328","2014"
"4329","2008"
"4330","2007"
"4331","2003"
"4332","2003"
"4333","2016"
"4334","2008"
"4335","1999"
"4336","1999"
"4337","1999"
"4338","1999"
"4339","1993"
"4340","2007"
"4341","1985"
"4342","2001"
"4343","2019"
"4344","2011"
"4345","2011"
"4346","1989"
"4347","1997"
"4348","2015"
"4349","2015"
"4350","2015"
"4351","2010"
"4352","1995"
"4353","1995"
"4354","1969"
"4355","1969"
"4356","1986"
"4357","1989"
"4358","1989"
"4359","1987"
"4360","1987"
"4361","1987"
"4362","1997"
"4363","1999"
"4364","2022"
"4365","2022"
"4366","2022"
"4367","2017"
"4368","2017"
"4369","2017"
"4370","2017"
"4371","2017"
"4372","2017"
"4373","2000"
"4374","2000"
"4375","1975"
"4376","1995"
"4377","1995"
"4378","1995"
"4379","1995"
"4380","1987"
"4381","1987"
"4382","1987"
"4383","3"
"4384","1994"
"4385","1994"
"4386","2011"
"4387","2016"
"4388","1996"
"4389","1996"
"4390","2022"
"4391","2022"
"4392","2022"
"4393","2000"
"4394","2000"
"4395","2000"
"4396","2016"
"4397","2016"
"4398","2016"
"4399","2016"
"4400","1973"
"4401","1989"
"4402","2018"
"4403","2013"
"4404","2019"
"4405","0"
"4406","2019"
"4407","2019"
"4408","2019"
"4409","2018"
"4410","2018"
"4411","2018"
"4412","2010"
"4413","2010"
"4414","2010"
"4415","2004"
"4416","2004"
"4417","1991"
"4418","2001"
"4419","2008"
"4420","2016"
"4421","1976"
"4422","1976"
"4423","1976"
"4424","1993"
"4425","1993"
"4426","1993"
"4427","1993"
"4428","1993"
"4429","2003"
"4430","2003"
"4431","2003"
"4432","2003"
"4433","2003"
"4434","2019"
"4435","1962"
"4436","2004"
"4437","2013"
"4438","1994"
"4439","1994"
"4440","2001"
"4441","1990"
"4442","1990"
"4443","1992"
"4444","1998"
"4445","2000"
"4446","2000"
"4447","1989"
"4448","2023"
"4449","2007"
"4450","2007"
"4451","2007"
"4452","1991"
"4453","2002"
"4454","2008"
"4455","2010"
"4456","2010"
"4457","2010"
"4458","2010"
"4459","2012"
"4460","2012"
"4461","2012"
"4462","2003"
"4463","1990"
"4464","2009"
"4465","2012"
"4466","2012"
"4467","2009"
"4468","2009"
"4469","2009"
"4470","2009"
"4471","2017"
"4472","2017"
"4473","2017"
"4474","2017"
"4475","2003"
"4476","2003"
"4477","2022"
"4478","2022"
"4479","2022"
"4480","2023"
"4481","2010"
"4482","2023"
"4483","2023"
"4484","2005"
"4485","2007"
"4486","2007"
"4487","1976"
"4488","1976"
"4489","1976"
"4490","1982"
"4491","1982"
"4492","1998"
"4493","2013"
"4494","2002"
"4495","2007"
"4496","2007"
"4497","2014"
"4498","2015"
"4499","2015"
"4500","2000"
"4501","1998"
"4502","1998"
"4503","1980"
"4504","1985"
"4505","1985"
"4506","1985"
"4507","1985"
"4508","1985"
"4509","1985"
"4510","1985"
"4511","1985"
"4512","1985"
"4513","2017"
"4514","2017"
"4515","2017"
"4516","2017"
"4517","2017"
"4518","2023"
"4519","2023"
"4520","2017"
"4521","2006"
"4522","2007"
"4523","2007"
"4524","2007"
"4525","2007"
"4526","2007"
"4527","1992"
"4528","1992"
"4529","1983"
"4530","1995"
"4531","1999"
"4532","2019"
"4533","2019"
"4534","2019"
"4535","2007"
"4536","2016"
"4537","2016"
"4538","2006"
"4539","1976"
"4540","2004"
"4541","2004"
"4542","2004"
"4543","1985"
"4544","1990"
"4545","1990"
"4546","1990"
"4547","1995"
"4548","1995"
"4549","2003"
"4550","2003"
"4551","2022"
"4552","2010"
"4553","1984"
"4554","2017"
"4555","2017"
"4556","2022"
"4557","1990"
"4558","2018"
"4559","2018"
"4560","2018"
"4561","2018"
"4562","2018"
"4563","2017"
"4564","2017"
"4565","2017"
"4566","1991"
"4567","1995"
"4568","1995"
"4569","1994"
"4570","2006"
"4571","2006"
"4572","2000"
"4573","1992"
"4574","1997"
"4575","1997"
"4576","1997"
"4577","2006"
"4578","2006"
"4579","2006"
"4580","2006"
"4581","2006"
"4582","2006"
"4583","2006"
"4584","2006"
"4585","2006"
"4586","2006"
"4587","2022"
"4588","2001"
"4589","1997"
"4590","2014"
"4591","2014"
"4592","2014"
"4593","2014"
"4594","2013"
"4595","2013"
"4596","2013"
"4597","2013"
"4598","2013"
"4599","1999"
"4600","1986"
"4601","2006"
"4602","1994"
"4603","1994"
"4604","1999"
"4605","1999"
"4606","1999"
"4607","1999"
"4608","1999"
"4609","1999"
"4610","1999"
"4611","2024"
"4612","2024"
"4613","2024"
"4614","2024"
"4615","2024"
"4616","1988"
"4617","1998"
"4618","1998"
"4619","2000"
"4620","2000"
"4621","2015"
"4622","2015"
"4623","2001"
"4624","1998"
"4625","1986"
"4626","2003"
"4627","2003"
"4628","2009"
"4629","0"
"4630","2004"
"4631","2004"
"4632","2004"
"4633","2004"
"4634","2004"
"4635","2004"
"4636","2004"
"4637","2004"
"4638","2004"
"4639","2017"
"4640","2017"
"4641","1985"
"4642","1985"
"4643","2022"
"4644","2022"
"4645","1988"
"4646","2001"
"4647","2017"
"4648","2017"
"4649","1994"
"4650","1994"
"4651","1994"
"4652","2001"
"4653","2001"
"4654","2022"
"4655","2022"
"4656","2009"
"4657","2016"
"4658","2015"
"4659","1994"
"4660","1994"
"4661","1994"
"4662","1994"
"4663","2016"
"4664","2016"
"4665","2016"
"4666","2016"
"4667","2023"
"4668","2018"
"4669","1990"
"4670","1982"
"4671","1982"
"4672","1997"
"4673","1997"
"4674","1997"
"4675","2023"
"4676","2023"
"4677","2023"
"4678","2023"
"4679","1992"
"4680","1996"
"4681","2024"
"4682","25"
"4683","25"
"4684","25"
"4685","2013"
"4686","2013"
"4687","2013"
"4688","1996"
"4689","2012"
"4690","2006"
"4691","3"
"4692","2013"
"4693","2014"
"4694","2006"
"4695","2012"
"4696","2012"
"4697","2012"
"4698","2012"
"4699","2012"
"4700","2012"
"4701","2012"
"4702","2003"
"4703","2003"
"4704","2000"
"4705","2000"
"4706","2000"
"4707","2000"
"4708","2012"
"4709","1979"
"4710","1979"
"4711","2006"
"4712","2019"
"4713","2019"
"4714","1984"
"4715","1992"
"4716","2019"
"4717","2019"
"4718","2014"
"4719","2014"
"4720","2014"
"4721","2014"
"4722","2014"
"4723","2014"
"4724","2014"
"4725","2014"
"4726","2014"
"4727","2001"
"4728","2001"
"4729","2023"
"4730","2023"
"4731","2023"
"4732","1981"
"4733","2005"
"4734","2014"
"4735","2014"
"4736","2013"
"4737","2013"
"4738","2016"
"4739","1998"
"4740","1998"
"4741","2008"
"4742","2008"
"4743","2008"
"4744","1985"
"4745","1985"
"4746","1985"
"4747","1985"
"4748","1985"
"4749","2014"
"4750","2004"
"4751","2004"
"4752","1985"
"4753","1999"
"4754","1999"
"4755","1991"
"4756","1991"
"4757","1991"
"4758","1991"
"4759","1991"
"4760","1991"
"4761","1991"
"4762","1991"
"4763","1991"
"4764","2014"
"4765","1979"
"4766","1979"
"4767","2011"
"4768","2011"
"4769","2011"
"4770","2011"
"4771","2011"
"4772","1999"
"4773","1999"
"4774","1999"
"4775","1999"
"4776","1999"
"4777","1999"
"4778","1999"
"4779","1999"
"4780","1999"
"4781","1999"
"4782","1999"
"4783","2016"
"4784","2012"
"4785","2012"
"4786","1996"
"4787","1997"
"4788","1997"
"4789","1986"
"4790","2002"
"4791","2002"
"4792","2002"
"4793","1997"
"4794","1997"
"4795","1997"
"4796","2012"
"4797","2012"
"4798","2012"
"4799","1979"
"4800","2014"
"4801","2014"
"4802","2012"
"4803","1991"
"4804","1991"
"4805","1991"
"4806","1991"
"4807","1991"
"4808","1991"
"4809","1694"
"4810","1694"
"4811","1694"
"4812","1694"
"4813","1694"
"4814","1694"
"4815","2005"
"4816","1985"
"4817","2011"
"4818","2011"
"4819","1989"
"4820","1989"
"4821","1989"
"4822","1989"
"4823","1989"
"4824","1989"
"4825","2016"
"4826","2016"
"4827","2016"
"4828","2012"
"4829","2012"
"4830","2012"
"4831","2016"
"4832","1993"
"4833","1993"
"4834","1993"
"4835","1962"
"4836","2015"
"4837","2015"
"4838","2015"
"4839","2015"
"4840","2015"
"4841","2015"
"4842","2017"
"4843","2005"
"4844","2005"
"4845","2005"
"4846","2005"
"4847","2005"
"4848","2005"
"4849","2005"
"4850","2005"
"4851","2005"
"4852","2005"
"4853","1977"
"4854","1977"
"4855","1977"
"4856","1983"
"4857","1983"
"4858","1983"
"4859","1977"
"4860","1977"
"4861","1977"
"4862","2011"
"4863","2011"
"4864","2011"
"4865","2011"
"4866","2011"
"4867","2011"
"4868","2015"
"4869","2015"
"4870","1992"
"4871","1992"
"4872","1992"
"4873","1992"
"4874","1994"
"4875","1991"
"4876","1989"
"4877","1989"
"4878","1989"
"4879","1989"
"4880","1986"
"4881","1979"
"4882","2000"
"4883","2000"
"4884","2022"
"4885","2022"
"4886","2017"
"4887","1995"
"4888","1994"
"4889","1994"
"4890","1994"
"4891","1994"
"4892","1978"
"4893","2011"
"4894","1981"
"4895","1981"
"4896","1981"
"4897","1981"
"4898","2017"
"4899","1981"
"4900","1981"
"4901","1981"
"4902","1981"
"4903","1977"
"4904","1994"
"4905","1994"
"4906","1994"
"4907","1994"
"4908","1983"
"4909","1983"
"4910","2010"
"4911","2010"
"4912","2010"
"4913","2010"
"4914","1999"
"4915","1999"
"4916","1999"
"4917","2021"
"4918","2012"
"4919","2012"
"4920","2012"
"4921","2012"
"4922","2012"
"4923","1993"
"4924","1993"
"4925","1993"
"4926","1993"
"4927","1986"
"4928","2017"
"4929","2019"
"4930","2023"
"4931","2020"
"4932","2020"
"4933","2012"
"4934","2012"
"4935","2012"
"4936","2012"
"4937","2012"
"4938","2012"
"4939","1999"
"4940","1999"
"4941","1999"
"4942","1999"
"4943","1999"
"4944","1999"
"4945","1999"
"4946","2012"
"4947","2012"
"4948","2012"
"4949","2012"
"4950","2012"
"4951","2012"
"4952","1999"
"4953","1999"
"4954","1999"
"4955","1999"
"4956","1999"
"4957","1999"
"4958","1999"
"4959","1994"
"4960","1997"
"4961","2012"
"4962","2012"
"4963","2012"
"4964","1993"
"4965","1993"
"4966","1993"
"4967","1993"
"4968","1993"
"4969","1993"
"4970","2016"
"4971","2016"
"4972","2016"
"4973","2016"
"4974","2000"
"4975","1982"
"4976","1982"
"4977","1985"
"4978","1985"
"4979","1985"
"4980","1985"
"4981","1996"
"4982","1999"
"4983","1999"
"4984","1999"
"4985","1999"
"4986","1999"
"4987","1984"
"4988","1984"
"4989","1984"
"4990","1984"
"4991","1984"
"4992","1984"
"4993","2021"
"4994","2021"
"4995","2021"
"4996","1988"
"4997","1988"
"4998","1988"
"4999","1988"
"5000","1988"
"5001","1988"
"5002","1988"
"5003","1988"
"5004","1988"
"5005","1988"
"5006","1988"
"5007","1988"
"5008","1988"
"5009","1988"
"5010","2010"
"5011","2011"
"5012","2011"
"5013","2008"
"5014","2008"
"5015","2007"
"5016","2003"
"5017","2016"
"5018","2016"
"5019","1999"
"5020","2007"
"5021","2007"
"5022","1985"
"5023","2001"
"5024","2001"
"5025","2019"
"5026","2011"
"5027","1997"
"5028","1980"
"5029","1995"
"5030","1995"
"5031","1969"
"5032","1969"
"5033","1969"
"5034","1986"
"5035","1986"
"5036","1986"
"5037","1989"
"5038","2022"
"5039","2000"
"5040","1980"
"5041","1995"
"5042","1987"
"5043","1987"
"5044","1994"
"5045","1994"
"5046","1994"
"5047","1994"
"5048","2011"
"5049","2016"
"5050","2016"
"5051","2016"
"5052","2016"
"5053","2022"
"5054","2022"
"5055","2022"
"5056","2000"
"5057","2016"
"5058","2016"
"5059","2016"
"5060","2016"
"5061","2016"
"5062","2016"
"5063","1973"
"5064","1973"
"5065","1973"
"5066","1973"
"5067","1973"
"5068","1973"
"5069","1973"
"5070","1989"
"5071","2013"
"5072","2019"
"5073","0"
"5074","2018"
"5075","2010"
"5076","2010"
"5077","2010"
"5078","2004"
"5079","2004"
"5080","2004"
"5081","2004"
"5082","2004"
"5083","2004"
"5084","1991"
"5085","2001"
"5086","2022"
"5087","2022"
"5088","2022"
"5089","2022"
"5090","2016"
"5091","2003"
"5092","2019"
"5093","2019"
"5094","2004"
"5095","2013"
"5096","1994"
"5097","1994"
"5098","1994"
"5099","1994"
"5100","1994"
"5101","2001"
"5102","2001"
"5103","1990"
"5104","1990"
"5105","1990"
"5106","1992"
"5107","1998"
"5108","1998"
"5109","2007"
"5110","2002"
"5111","2010"
"5112","2010"
"5113","2003"
"5114","1990"
"5115","2009"
"5116","2009"
"5117","2017"
"5118","2017"
"5119","2017"
"5120","2003"
"5121","2022"
"5122","2022"
"5123","2023"
"5124","2023"
"5125","2023"
"5126","2005"
"5127","2005"
"5128","2005"
"5129","2007"
"5130","2018"
"5131","2018"
"5132","2018"
"5133","1982"
"5134","1982"
"5135","1982"
"5136","1982"
"5137","1982"
"5138","1982"
"5139","1982"
"5140","1998"
"5141","1998"
"5142","1990"
"5143","1990"
"5144","1990"
"5145","1990"
"5146","2002"
"5147","2002"
"5148","2002"
"5149","2002"
"5150","2002"
"5151","2007"
"5152","2007"
"5153","2007"
"5154","2014"
"5155","2014"
"5156","2014"
"5157","2015"
"5158","2007"
"5159","2007"
"5160","2007"
"5161","1998"
"5162","1980"
"5163","1980"
"5164","1980"
"5165","1980"
"5166","1980"
"5167","1980"
"5168","1980"
"5169","1980"
"5170","1980"
"5171","1980"
"5172","1985"
"5173","1985"
"5174","1985"
"5175","1985"
"5176","1985"
"5177","1985"
"5178","2017"
"5179","2017"
"5180","2017"
"5181","2017"
"5182","2006"
"5183","2007"
"5184","1983"
"5185","1983"
"5186","1983"
"5187","1983"
"5188","1983"
"5189","2019"
"5190","2019"
"5191","2019"
"5192","2019"
"5193","2019"
"5194","2019"
"5195","2017"
"5196","2017"
"5197","2017"
"5198","2017"
"5199","2017"
"5200","2017"
"5201","2017"
"5202","2017"
"5203","2017"
"5204","2017"
"5205","2017"
"5206","2016"
"5207","2016"
"5208","2006"
"5209","2004"
"5210","2004"
"5211","2004"
"5212","2004"
"5213","1990"
"5214","1995"
"5215","1995"
"5216","1995"
"5217","1995"
"5218","1995"
"5219","2003"
"5220","2003"
"5221","2003"
"5222","2003"
"5223","1996"
"5224","1996"
"5225","1996"
"5226","1996"
"5227","1990"
"5228","1990"
"5229","2018"
"5230","2018"
"5231","2018"
"5232","2018"
"5233","2003"
"5234","2003"
"5235","2003"
"5236","1992"
"5237","1997"
"5238","0"
"5239","0"
"5240","0"
"5241","0"
"5242","0"
"5243","0"
"5244","0"
"5245","0"
"5246","0"
"5247","0"
"5248","0"
"5249","2006"
"5250","2014"
"5251","1986"
"5252","2003"
"5253","2003"
"5254","2003"
"5255","1999"
"5256","1999"
"5257","2024"
"5258","2024"
"5259","2024"
"5260","2024"
"5261","2024"
"5262","2001"
"5263","2001"
"5264","2001"
"5265","2001"
"5266","2001"
"5267","2001"
"5268","2001"
"5269","2001"
"5270","1998"
"5271","2009"
"5272","2009"
"5273","2009"
"5274","0"
"5275","0"
"5276","2004"
"5277","2022"
"5278","1988"
"5279","2001"
"5280","2017"
"5281","2017"
"5282","2017"
"5283","2017"
"5284","2017"
"5285","2017"
"5286","2017"
"5287","2017"
"5288","2017"
"5289","2017"
"5290","1994"
"5291","1994"
"5292","1994"
"5293","1994"
"5294","1994"
"5295","2001"
"5296","2001"
"5297","2001"
"5298","2022"
"5299","2022"
"5300","2022"
"5301","2022"
"5302","2022"
"5303","2022"
"5304","2022"
"5305","2022"
"5306","2022"
"5307","2022"
"5308","2022"
"5309","2022"
"5310","2022"
"5311","2009"
"5312","2016"
"5313","2016"
"5314","2015"
"5315","1994"
"5316","1994"
"5317","1994"
"5318","1994"
"5319","1994"
"5320","2016"
"5321","2016"
"5322","2023"
"5323","2018"
"5324","2018"
"5325","2018"
"5326","1990"
"5327","1990"
"5328","1983"
"5329","1983"
"5330","2023"
"5331","2023"
"5332","2023"
"5333","1992"
"5334","1992"
"5335","1992"
"5336","1996"
"5337","1996"
"5338","1996"
"5339","2013"
"5340","2013"
"5341","2013"
"5342","2013"
"5343","2013"
"5344","1996"
"5345","1996"
"5346","1996"
"5347","2012"
"5348","3"
"5349","3"
"5350","3"
"5351","3"
"5352","3"
"5353","2013"
"5354","2013"
"5355","2013"
"5356","2014"
"5357","2006"
"5358","2012"
"5359","2012"
"5360","2012"
"5361","2012"
"5362","2012"
"5363","2012"
"5364","2012"
"5365","2000"
"5366","2000"
"5367","2000"
"5368","2000"
"5369","2006"
"5370","2019"
"5371","1984"
"5372","1984"
"5373","1984"
"5374","1984"
"5375","1984"
"5376","1984"
"5377","2019"
"5378","2019"
"5379","2019"
"5380","2014"
"5381","2014"
"5382","2014"
"5383","2014"
"5384","2014"
"5385","2014"
"5386","2014"
"5387","2014"
"5388","2014"
"5389","2014"
"5390","2001"
"5391","2023"
"5392","1981"
"5393","2013"
"5394","2013"
"5395","2013"
"5396","2016"
"5397","1998"
"5398","1985"
"5399","1985"
"5400","2014"
"5401","2014"
"5402","2014"
"5403","1985"
"5404","1999"
"5405","1999"
"5406","1999"
"5407","1999"
"5408","1999"
"5409","1991"
"5410","1991"
"5411","1991"
"5412","2014"
"5413","2014"
"5414","2014"
